INSERT INTO regioni (id, nome, slug, descrizione, url_immagine) VALUES (1, 'Abruzzo', 'abruzzo', 'Regione verde d Europa tra mare e montagne appenniniche.', 'https://cdn.pixabay.com/photo/2012/04/24/11/39/copyright-free-39515_1280.png');
INSERT INTO regioni (id, nome, slug, descrizione, url_immagine) VALUES (2, 'Basilicata', 'basilicata', 'Terra antica custode dei millenari Sassi di Matera.', 'https://cdn.pixabay.com/photo/2012/04/24/11/39/copyright-free-39515_1280.png');
INSERT INTO regioni (id, nome, slug, descrizione, url_immagine) VALUES (3, 'Calabria', 'calabria', 'Punta dello stivale tra coste cristalline e sapori piccanti.', 'https://cdn.pixabay.com/photo/2012/04/24/11/39/copyright-free-39515_1280.png');
INSERT INTO regioni (id, nome, slug, descrizione, url_immagine) VALUES (4, 'Campania', 'campania', 'Culla della dieta mediterranea tra storia, vulcani e mare.', 'https://cdn.pixabay.com/photo/2012/04/24/11/39/copyright-free-39515_1280.png');
INSERT INTO regioni (id, nome, slug, descrizione, url_immagine) VALUES (5, 'Emilia-Romagna', 'emilia-romagna', 'La Food Valley italiana celebre per la sua cucina ricca.', 'https://cdn.pixabay.com/photo/2012/04/24/11/39/copyright-free-39515_1280.png');
INSERT INTO regioni (id, nome, slug, descrizione, url_immagine) VALUES (6, 'Friuli-Venezia Giulia', 'friuli-venezia-giulia', 'Incrocio di culture e terra di grandi vini bianchi.', 'https://cdn.pixabay.com/photo/2012/04/24/11/39/copyright-free-39515_1280.png');
INSERT INTO regioni (id, nome, slug, descrizione, url_immagine) VALUES (7, 'Lazio', 'lazio', 'Cuore d Italia custode della tradizione imperiale e contadina.', 'https://cdn.pixabay.com/photo/2012/04/24/11/39/copyright-free-39515_1280.png');
INSERT INTO regioni (id, nome, slug, descrizione, url_immagine) VALUES (8, 'Liguria', 'liguria', 'Stretta lingua di terra tra ripide montagne e il Mar Ligure.', 'https://cdn.pixabay.com/photo/2012/04/24/11/39/copyright-free-39515_1280.png');
INSERT INTO regioni (id, nome, slug, descrizione, url_immagine) VALUES (9, 'Lombardia', 'lombardia', 'Motore d Italia tra laghi alpini e risaie storiche.', 'https://cdn.pixabay.com/photo/2012/04/24/11/39/copyright-free-39515_1280.png');
INSERT INTO regioni (id, nome, slug, descrizione, url_immagine) VALUES (10, 'Marche', 'marche', 'L Italia in una sola regione tra colline e borghi medievali.', 'https://cdn.pixabay.com/photo/2012/04/24/11/39/copyright-free-39515_1280.png');
INSERT INTO regioni (id, nome, slug, descrizione, url_immagine) VALUES (11, 'Molise', 'molise', 'Oasi incontaminata di antiche tradizioni e transumanza.', 'https://cdn.pixabay.com/photo/2012/04/24/11/39/copyright-free-39515_1280.png');
INSERT INTO regioni (id, nome, slug, descrizione, url_immagine) VALUES (12, 'Piemonte', 'piemonte', 'Terra di regnanti, tartufi e vini rossi da lungo affinamento.', 'https://cdn.pixabay.com/photo/2012/04/24/11/39/copyright-free-39515_1280.png');
INSERT INTO regioni (id, nome, slug, descrizione, url_immagine) VALUES (13, 'Puglia', 'puglia', 'Tacco d Italia tra ulivi millenari e mare cristallino.', 'https://cdn.pixabay.com/photo/2012/04/24/11/39/copyright-free-39515_1280.png');
INSERT INTO regioni (id, nome, slug, descrizione, url_immagine) VALUES (14, 'Sardegna', 'sardegna', 'Isola millenaria dai sapori forti e spiagge caraibiche.', 'https://cdn.pixabay.com/photo/2012/04/24/11/39/copyright-free-39515_1280.png');
INSERT INTO regioni (id, nome, slug, descrizione, url_immagine) VALUES (15, 'Sicilia', 'sicilia', 'Incrocio di civiltà del Mediterraneo ricca di contrasti e profumi.', 'https://cdn.pixabay.com/photo/2012/04/24/11/39/copyright-free-39515_1280.png');
INSERT INTO regioni (id, nome, slug, descrizione, url_immagine) VALUES (16, 'Toscana', 'toscana', 'Culla del Rinascimento tra colline iconiche e grandi vitigni.', 'https://cdn.pixabay.com/photo/2012/04/24/11/39/copyright-free-39515_1280.png');
INSERT INTO regioni (id, nome, slug, descrizione, url_immagine) VALUES (17, 'Trentino-Alto Adige', 'trentino-alto-adige', 'Incontro tra picchi dolomitici e rigore mitteleuropeo.', 'https://cdn.pixabay.com/photo/2012/04/24/11/39/copyright-free-39515_1280.png');
INSERT INTO regioni (id, nome, slug, descrizione, url_immagine) VALUES (18, 'Umbria', 'umbria', 'Cuore verde d Italia fatto di misticismo e borghi in pietra.', 'https://cdn.pixabay.com/photo/2012/04/24/11/39/copyright-free-39515_1280.png');
INSERT INTO regioni (id, nome, slug, descrizione, url_immagine) VALUES (19, 'Valle d\'Aosta', 'valle-daosta', 'La regione più piccola d Italia dominata dai giganti delle Alpi.', 'https://cdn.pixabay.com/photo/2012/04/24/11/39/copyright-free-39515_1280.png');
INSERT INTO regioni (id, nome, slug, descrizione, url_immagine) VALUES (20, 'Veneto', 'veneto', 'Dalle vette delle Dolomiti alla magia della Laguna di Venezia.', 'https://cdn.pixabay.com/photo/2012/04/24/11/39/copyright-free-39515_1280.png');
INSERT INTO categorie (id, nome, slug) VALUES (1, 'Formaggi', 'formaggi');
INSERT INTO categorie (id, nome, slug) VALUES (2, 'Salumi e Carne', 'salumi-e-carne');
INSERT INTO categorie (id, nome, slug) VALUES (3, 'Prodotti da Forno e Pasta', 'prodotti-da-forno-e-pasta');
INSERT INTO categorie (id, nome, slug) VALUES (4, 'Oli e Condimenti', 'oli-e-condimenti');
INSERT INTO categorie (id, nome, slug) VALUES (5, 'Ortofrutta', 'ortofrutta');
INSERT INTO tipologia (id, nome, slug) VALUES (1, 'Rosso', 'rosso');
INSERT INTO tipologia (id, nome, slug) VALUES (2, 'Bianco', 'bianco');
INSERT INTO tipologia (id, nome, slug) VALUES (3, 'Rosato', 'rosato');
INSERT INTO tipologia (id, nome, slug) VALUES (4, 'Spumante', 'spumante');
INSERT INTO tipologia (id, nome, slug) VALUES (5, 'Passito', 'passito');
INSERT INTO prodotti (id, nome, slug, descrizione, url_immagine, link_store, regione_id, categoria_id) VALUES (1, 'Arrosticini Abruzzesi', 'arrosticini-abruzzesi', 'Spiedini di carne ovina tipici della tradizione pastorale.', 'https://cdn.pixabay.com/photo/2012/04/24/11/39/copyright-free-39515_1280.png', 'https://example.com', 1, 2);
INSERT INTO prodotti (id, nome, slug, descrizione, url_immagine, link_store, regione_id, categoria_id) VALUES (2, 'Peperone Crusco di Senise', 'peperone-crusco-di-senise', 'Peperoni dolci essiccati e fritti in olio d oliva.', 'https://cdn.pixabay.com/photo/2012/04/24/11/39/copyright-free-39515_1280.png', 'https://example.com', 2, 5);
INSERT INTO prodotti (id, nome, slug, descrizione, url_immagine, link_store, regione_id, categoria_id) VALUES (3, 'Nduja di Spilinga', 'nduja-di-spilinga', 'Salame morbido, spalmabile e particolarmente piccante.', 'https://cdn.pixabay.com/photo/2012/04/24/11/39/copyright-free-39515_1280.png', 'https://example.com', 3, 2);
INSERT INTO prodotti (id, nome, slug, descrizione, url_immagine, link_store, regione_id, categoria_id) VALUES (4, 'Mozzarella di Bufala Campana DOP', 'mozzarella-di-bufala-campana-dop', 'Formaggio fresco a pasta filata da latte di bufala.', 'https://cdn.pixabay.com/photo/2012/04/24/11/39/copyright-free-39515_1280.png', 'https://example.com', 4, 1);
INSERT INTO prodotti (id, nome, slug, descrizione, url_immagine, link_store, regione_id, categoria_id) VALUES (5, 'Parmigiano Reggiano DOP', 'parmigiano-reggiano-dop', 'Formaggio straordinario a pasta dura e lunga stagionatura.', 'https://cdn.pixabay.com/photo/2012/04/24/11/39/copyright-free-39515_1280.png', 'https://example.com', 5, 1);
INSERT INTO prodotti (id, nome, slug, descrizione, url_immagine, link_store, regione_id, categoria_id) VALUES (6, 'Prosciutto di Parma DOP', 'prosciutto-di-parma-dop', 'Prosciutto crudo dolce famoso in tutto il mondo.', 'https://cdn.pixabay.com/photo/2012/04/24/11/39/copyright-free-39515_1280.png', 'https://example.com', 5, 2);
INSERT INTO prodotti (id, nome, slug, descrizione, url_immagine, link_store, regione_id, categoria_id) VALUES (7, 'Prosciutto di San Daniele DOP', 'prosciutto-di-san-daniele-dop', 'Crudo friulano riconoscibile dalla tipica forma a chitarra.', 'https://cdn.pixabay.com/photo/2012/04/24/11/39/copyright-free-39515_1280.png', 'https://example.com', 6, 2);
INSERT INTO prodotti (id, nome, slug, descrizione, url_immagine, link_store, regione_id, categoria_id) VALUES (8, 'Pecorino Romano DOP', 'pecorino-romano-dop', 'Formaggio aromatico e salato, anima della cucina romana.', 'https://cdn.pixabay.com/photo/2012/04/24/11/39/copyright-free-39515_1280.png', 'https://example.com', 7, 1);
INSERT INTO prodotti (id, nome, slug, descrizione, url_immagine, link_store, regione_id, categoria_id) VALUES (9, 'Pesto alla Genovese DOP', 'pesto-alla-genovese-dop', 'Condimento freddo a base di basilico, pinoli e formaggio.', 'https://cdn.pixabay.com/photo/2012/04/24/11/39/copyright-free-39515_1280.png', 'https://example.com', 8, 4);
INSERT INTO prodotti (id, nome, slug, descrizione, url_immagine, link_store, regione_id, categoria_id) VALUES (10, 'Gorgonzola DOP', 'gorgonzola-dop', 'Formaggio erborinato lombardo a pasta cruda.', 'https://cdn.pixabay.com/photo/2012/04/24/11/39/copyright-free-39515_1280.png', 'https://example.com', 9, 1);
INSERT INTO prodotti (id, nome, slug, descrizione, url_immagine, link_store, regione_id, categoria_id) VALUES (11, 'Ciauscolo IGP', 'ciauscolo-igp', 'Salame marchigiano a pasta morbida e spalmabile.', 'https://cdn.pixabay.com/photo/2012/04/24/11/39/copyright-free-39515_1280.png', 'https://example.com', 10, 2);
INSERT INTO prodotti (id, nome, slug, descrizione, url_immagine, link_store, regione_id, categoria_id) VALUES (12, 'Caciocavallo di Agnone', 'caciocavallo-di-agnone', 'Formaggio a pasta filata stagionato in grotta.', 'https://cdn.pixabay.com/photo/2012/04/24/11/39/copyright-free-39515_1280.png', 'https://example.com', 11, 1);
INSERT INTO prodotti (id, nome, slug, descrizione, url_immagine, link_store, regione_id, categoria_id) VALUES (13, 'Tartufo Bianco d Alba', 'tartufo-bianco-dalba', 'Il re dei funghi ipogei dal profumo inebriante.', 'https://cdn.pixabay.com/photo/2012/04/24/11/39/copyright-free-39515_1280.png', 'https://example.com', 12, 5);
INSERT INTO prodotti (id, nome, slug, descrizione, url_immagine, link_store, regione_id, categoria_id) VALUES (14, 'Castelmagno DOP', 'castelmagno-dop', 'Formaggio storico delle valli cuneesi a pasta semidura.', 'https://cdn.pixabay.com/photo/2012/04/24/11/39/copyright-free-39515_1280.png', 'https://example.com', 12, 1);
INSERT INTO prodotti (id, nome, slug, descrizione, url_immagine, link_store, regione_id, categoria_id) VALUES (15, 'Burrata di Andria IGP', 'burrata-di-andria-igp', 'Sacchetto di pasta filata che racchiude stracciatella e panna.', 'https://cdn.pixabay.com/photo/2012/04/24/11/39/copyright-free-39515_1280.png', 'https://example.com', 13, 1);
INSERT INTO prodotti (id, nome, slug, descrizione, url_immagine, link_store, regione_id, categoria_id) VALUES (16, 'Pane di Altamura DOP', 'pane-di-altamura-dop', 'Pane di semola rimacinata di grano duro cotto a legna.', 'https://cdn.pixabay.com/photo/2012/04/24/11/39/copyright-free-39515_1280.png', 'https://example.com', 13, 3);
INSERT INTO prodotti (id, nome, slug, descrizione, url_immagine, link_store, regione_id, categoria_id) VALUES (17, 'Pecorino Sardo DOP', 'pecorino-sardo-dop', 'Formaggio simbolo della tradizione pastorale sarda.', 'https://cdn.pixabay.com/photo/2012/04/24/11/39/copyright-free-39515_1280.png', 'https://example.com', 14, 1);
INSERT INTO prodotti (id, nome, slug, descrizione, url_immagine, link_store, regione_id, categoria_id) VALUES (18, 'Cioccolato di Modica IGP', 'cioccolato-di-modica-igp', 'Cioccolato lavorato a freddo con cristalli di zucchero intatti.', 'https://cdn.pixabay.com/photo/2012/04/24/11/39/copyright-free-39515_1280.png', 'https://example.com', 15, 3);
INSERT INTO prodotti (id, nome, slug, descrizione, url_immagine, link_store, regione_id, categoria_id) VALUES (19, 'Finocchiona IGP', 'finocchiona-igp', 'Salame toscano caratterizzato dall aroma dei semi di finocchio.', 'https://cdn.pixabay.com/photo/2012/04/24/11/39/copyright-free-39515_1280.png', 'https://example.com', 16, 2);
INSERT INTO prodotti (id, nome, slug, descrizione, url_immagine, link_store, regione_id, categoria_id) VALUES (20, 'Lardo di Colonnata IGP', 'lardo-di-colonnata-igp', 'Lardo stagionato in conche di marmo di Carrara con spezie.', 'https://cdn.pixabay.com/photo/2012/04/24/11/39/copyright-free-39515_1280.png', 'https://example.com', 16, 2);
INSERT INTO prodotti (id, nome, slug, descrizione, url_immagine, link_store, regione_id, categoria_id) VALUES (21, 'Speck dell Alto Adige IGP', 'speck-dell-alto-adige-igp', 'Baffo di fesa suina moderatamente affumicato e stagionato.', 'https://cdn.pixabay.com/photo/2012/04/24/11/39/copyright-free-39515_1280.png', 'https://example.com', 17, 2);
INSERT INTO prodotti (id, nome, slug, descrizione, url_immagine, link_store, regione_id, categoria_id) VALUES (22, 'Prosciutto di Norcia IGP', 'prosciutto-di-norcia-igp', 'Prosciutto crudo sapido derivato dalle montagne umbre.', 'https://cdn.pixabay.com/photo/2012/04/24/11/39/copyright-free-39515_1280.png', 'https://example.com', 18, 2);
INSERT INTO prodotti (id, nome, slug, descrizione, url_immagine, link_store, regione_id, categoria_id) VALUES (23, 'Fontina DOP', 'fontina-dop', 'Formaggio d alpeggio valdostano, base per la fonduta.', 'https://cdn.pixabay.com/photo/2012/04/24/11/39/copyright-free-39515_1280.png', 'https://example.com', 19, 1);
INSERT INTO prodotti (id, nome, slug, descrizione, url_immagine, link_store, regione_id, categoria_id) VALUES (24, 'Asiago DOP', 'asiago-dop', 'Formaggio veneto versatile, ottimo sia fresco che stagionato.', 'https://cdn.pixabay.com/photo/2012/04/24/11/39/copyright-free-39515_1280.png', 'https://example.com', 20, 1);
INSERT INTO vini (id, nome, slug, certificazione, descrizione, url_immagine, link_store, regione_id, tipologia_id) VALUES (1, 'Montepulciano d Abruzzo', 'montepulciano-dabruzzo', 'DOCG', 'Rosso intenso, strutturato, perfetto compagno delle carni.', 'https://cdn.pixabay.com/photo/2012/04/24/11/39/copyright-free-39515_1280.png', 'https://example.com', 1, 1);
INSERT INTO vini (id, nome, slug, certificazione, descrizione, url_immagine, link_store, regione_id, tipologia_id) VALUES (2, 'Aglianico del Vulture', 'aglianico-del-vulture', 'DOCG', 'Il Barolo del Sud, minerale, vulcanico e potente.', 'https://cdn.pixabay.com/photo/2012/04/24/11/39/copyright-free-39515_1280.png', 'https://example.com', 2, 1);
INSERT INTO vini (id, nome, slug, certificazione, descrizione, url_immagine, link_store, regione_id, tipologia_id) VALUES (3, 'Cirò Rosso Superiore', 'ciro-rosso-superiore', 'DOC', 'Storico vino calabrese corposo ottenuto da uve Gaglioppo.', 'https://cdn.pixabay.com/photo/2012/04/24/11/39/copyright-free-39515_1280.png', 'https://example.com', 3, 1);
INSERT INTO vini (id, nome, slug, certificazione, descrizione, url_immagine, link_store, regione_id, tipologia_id) VALUES (4, 'Fiano di Avellino', 'fiano-di-avellino', 'DOCG', 'Bianco di grande eleganza e complessità aromatica.', 'https://cdn.pixabay.com/photo/2012/04/24/11/39/copyright-free-39515_1280.png', 'https://example.com', 4, 2);
INSERT INTO vini (id, nome, slug, certificazione, descrizione, url_immagine, link_store, regione_id, tipologia_id) VALUES (5, 'Lambrusco di Sorbara', 'lambrusco-di-sorbara', 'DOC', 'Frizzante, acidulo e fresco, eccezionale sgrassante.', 'https://cdn.pixabay.com/photo/2012/04/24/11/39/copyright-free-39515_1280.png', 'https://example.com', 5, 1);
INSERT INTO vini (id, nome, slug, certificazione, descrizione, url_immagine, link_store, regione_id, tipologia_id) VALUES (6, 'Friulano', 'friulano', 'DOC', 'Bianco tipico con note caratteristiche di mandorla amara.', 'https://cdn.pixabay.com/photo/2012/04/24/11/39/copyright-free-39515_1280.png', 'https://example.com', 6, 2);
INSERT INTO vini (id, nome, slug, certificazione, descrizione, url_immagine, link_store, regione_id, tipologia_id) VALUES (7, 'Frascati Superiore', 'frascati-superiore', 'DOCG', 'Bianco beverino e floreale della campagna romana.', 'https://cdn.pixabay.com/photo/2012/04/24/11/39/copyright-free-39515_1280.png', 'https://example.com', 7, 2);
INSERT INTO vini (id, nome, slug, certificazione, descrizione, url_immagine, link_store, regione_id, tipologia_id) VALUES (8, 'Pigato Riviera Ligure', 'pigato-riviera-ligure', 'DOC', 'Bianco marino che profuma di macchia mediterranea.', 'https://cdn.pixabay.com/photo/2012/04/24/11/39/copyright-free-39515_1280.png', 'https://example.com', 8, 2);
INSERT INTO vini (id, nome, slug, certificazione, descrizione, url_immagine, link_store, regione_id, tipologia_id) VALUES (9, 'Franciacorta Brut', 'franciacorta-brut', 'DOCG', 'Spumante metodo classico iconico, sinonimo di brindisi d autore.', 'https://cdn.pixabay.com/photo/2012/04/24/11/39/copyright-free-39515_1280.png', 'https://example.com', 9, 4);
INSERT INTO vini (id, nome, slug, certificazione, descrizione, url_immagine, link_store, regione_id, tipologia_id) VALUES (10, 'Verdicchio Castelli di Jesi', 'verdicchio-castelli-jesi', 'DOCG', 'Grande bianco italiano longevo e strutturato.', 'https://cdn.pixabay.com/photo/2012/04/24/11/39/copyright-free-39515_1280.png', 'https://example.com', 10, 2);
INSERT INTO vini (id, nome, slug, certificazione, descrizione, url_immagine, link_store, regione_id, tipologia_id) VALUES (11, 'Tintilia del Molise', 'tintilia-del-molise', 'DOC', 'Rosso fiero da vitigno autoctono molisano riscoperto.', 'https://cdn.pixabay.com/photo/2012/04/24/11/39/copyright-free-39515_1280.png', 'https://example.com', 11, 1);
INSERT INTO vini (id, nome, slug, certificazione, descrizione, url_immagine, link_store, regione_id, tipologia_id) VALUES (12, 'Barolo', 'barolo', 'DOCG', 'Il re dei vini da sole uve Nebbiolo, austero e regale.', 'https://cdn.pixabay.com/photo/2012/04/24/11/39/copyright-free-39515_1280.png', 'https://example.com', 12, 1);
INSERT INTO vini (id, nome, slug, certificazione, descrizione, url_immagine, link_store, regione_id, tipologia_id) VALUES (13, 'Primitivo di Manduria', 'primitivo-di-manduria', 'DOP', 'Rosso caldo, opulento, ricco di note di frutta rossa matura.', 'https://cdn.pixabay.com/photo/2012/04/24/11/39/copyright-free-39515_1280.png', 'https://example.com', 13, 1);
INSERT INTO vini (id, nome, slug, certificazione, descrizione, url_immagine, link_store, regione_id, tipologia_id) VALUES (14, 'Cannonau di Sardegna', 'cannonau-di-sardegna', 'DOC', 'Rosso sardo per eccellenza, robusto e fiero.', 'https://cdn.pixabay.com/photo/2012/04/24/11/39/copyright-free-39515_1280.png', 'https://example.com', 14, 1);
INSERT INTO vini (id, nome, slug, certificazione, descrizione, url_immagine, link_store, regione_id, tipologia_id) VALUES (15, 'Passito di Pantelleria', 'passito-di-pantelleria', 'DOC', 'Vino dolce da uve Zibibbo appassite sotto il sole.', 'https://cdn.pixabay.com/photo/2012/04/24/11/39/copyright-free-39515_1280.png', 'https://example.com', 15, 5);
INSERT INTO vini (id, nome, slug, certificazione, descrizione, url_immagine, link_store, regione_id, tipologia_id) VALUES (16, 'Chianti Classico', 'chianti-classico', 'DOCG', 'Il Sangiovese toscano celebre per il suo gallo nero.', 'https://cdn.pixabay.com/photo/2012/04/24/11/39/copyright-free-39515_1280.png', 'https://example.com', 16, 1);
INSERT INTO vini (id, nome, slug, certificazione, descrizione, url_immagine, link_store, regione_id, tipologia_id) VALUES (17, 'Brunello di Montalcino', 'brunello-di-montalcino', 'DOCG', 'Punta di diamante dell enologia mondiale, potente ed elegante.', 'https://cdn.pixabay.com/photo/2012/04/24/11/39/copyright-free-39515_1280.png', 'https://example.com', 16, 1);
INSERT INTO vini (id, nome, slug, certificazione, descrizione, url_immagine, link_store, regione_id, tipologia_id) VALUES (18, 'Lagrein dell Alto Adige', 'lagrein-dell-alto-adige', 'DOC', 'Rosso autoctono dai sentori speziati e di sottobosco.', 'https://cdn.pixabay.com/photo/2012/04/24/11/39/copyright-free-39515_1280.png', 'https://example.com', 17, 1);
INSERT INTO vini (id, nome, slug, certificazione, descrizione, url_immagine, link_store, regione_id, tipologia_id) VALUES (19, 'Sagrantino di Montefalco', 'sagrantino-di-montefalco', 'DOCG', 'Rosso dai tannini formidabili, strutturato e longevo.', 'https://cdn.pixabay.com/photo/2012/04/24/11/39/copyright-free-39515_1280.png', 'https://example.com', 18, 1);
INSERT INTO vini (id, nome, slug, certificazione, descrizione, url_immagine, link_store, regione_id, tipologia_id) VALUES (20, 'Blanc de Morgex', 'blanc-de-morgex', 'DOC', 'Bianco d altitudine, fresco ed eroico da vigne alpine.', 'https://cdn.pixabay.com/photo/2012/04/24/11/39/copyright-free-39515_1280.png', 'https://example.com', 19, 2);
INSERT INTO vini (id, nome, slug, certificazione, descrizione, url_immagine, link_store, regione_id, tipologia_id) VALUES (21, 'Valpolicella Ripasso', 'valpolicella-ripasso', 'DOC', 'Rosso veneto morbido ottenuto dal ripasso sulle vinacce dell Amarone.', 'https://cdn.pixabay.com/photo/2012/04/24/11/39/copyright-free-39515_1280.png', 'https://example.com', 20, 1);
INSERT INTO vini (id, nome, slug, certificazione, descrizione, url_immagine, link_store, regione_id, tipologia_id) VALUES (22, 'Prosecco di Valdobbiadene', 'prosecco-di-valdobbiadene', 'DOCG', 'Spumante italiano rinomato, fresco, fruttato e brioso.', 'https://cdn.pixabay.com/photo/2012/04/24/11/39/copyright-free-39515_1280.png', 'https://example.com', 20, 4);
INSERT INTO prodotto_vino (prodotto_id, vino_id) VALUES (1, 1);
INSERT INTO prodotto_vino (prodotto_id, vino_id) VALUES (2, 2);
INSERT INTO prodotto_vino (prodotto_id, vino_id) VALUES (3, 3);
INSERT INTO prodotto_vino (prodotto_id, vino_id) VALUES (4, 4);
INSERT INTO prodotto_vino (prodotto_id, vino_id) VALUES (5, 5);
INSERT INTO prodotto_vino (prodotto_id, vino_id) VALUES (6, 5);
INSERT INTO prodotto_vino (prodotto_id, vino_id) VALUES (7, 6);
INSERT INTO prodotto_vino (prodotto_id, vino_id) VALUES (8, 7);
INSERT INTO prodotto_vino (prodotto_id, vino_id) VALUES (9, 8);
INSERT INTO prodotto_vino (prodotto_id, vino_id) VALUES (10, 9);
INSERT INTO prodotto_vino (prodotto_id, vino_id) VALUES (11, 10);
INSERT INTO prodotto_vino (prodotto_id, vino_id) VALUES (12, 11);
INSERT INTO prodotto_vino (prodotto_id, vino_id) VALUES (13, 12);
INSERT INTO prodotto_vino (prodotto_id, vino_id) VALUES (14, 12);
INSERT INTO prodotto_vino (prodotto_id, vino_id) VALUES (15, 13);
INSERT INTO prodotto_vino (prodotto_id, vino_id) VALUES (16, 13);
INSERT INTO prodotto_vino (prodotto_id, vino_id) VALUES (17, 14);
INSERT INTO prodotto_vino (prodotto_id, vino_id) VALUES (18, 15);
INSERT INTO prodotto_vino (prodotto_id, vino_id) VALUES (19, 16);
INSERT INTO prodotto_vino (prodotto_id, vino_id) VALUES (20, 17);
INSERT INTO prodotto_vino (prodotto_id, vino_id) VALUES (21, 18);
INSERT INTO prodotto_vino (prodotto_id, vino_id) VALUES (22, 19);
INSERT INTO prodotto_vino (prodotto_id, vino_id) VALUES (23, 20);
INSERT INTO prodotto_vino (prodotto_id, vino_id) VALUES (24, 21);
INSERT INTO prodotto_vino (prodotto_id, vino_id) VALUES (24, 22);